"lat","lon","cor_gen_div","fish_sp_div"
32.5,-65.5,16,539
32.5,-64.5,16,527
30.5,48.5,42,242
30.5,129.5,61,1040
30.5,130.5,60,934
30.5,131.5,56,819
29.5,32.5,61,346
29.5,33.5,61,378
29.5,34.5,61,476
29.5,35.5,0,502
29.5,47.5,42,394
29.5,48.5,42,409
29.5,50.5,42,423
29.5,129.5,70,1209
28.5,-178.5,12,44
28.5,-177.5,12,174
28.5,32.5,61,427
28.5,33.5,61,499
28.5,34.5,61,625
28.5,35.5,61,639
28.5,48.5,42,548
28.5,50.5,42,553
28.5,129.5,69,1230
28.5,130.5,69,1164
27.5,-176.5,12,210
27.5,-175.5,0,258
27.5,-93.5,16,876
27.5,-78.5,25,1018
27.5,-77.5,25,969
27.5,33.5,61,599
27.5,34.5,61,722
27.5,35.5,61,758
27.5,49.5,42,663
27.5,50.5,42,675
27.5,51.5,42,695
27.5,52.5,42,691
27.5,120.5,2,867
27.5,121.5,1,907
27.5,127.5,71,1437
27.5,128.5,70,1374
27.5,129.5,69,1294
26.5,-174.5,12,246
26.5,-173.5,12,259
26.5,-80.5,27,1214
26.5,-79.5,27,1182
26.5,-78.5,25,1152
26.5,-77.5,25,1119
26.5,-76.5,25,1028
26.5,33.5,61,663
26.5,34.5,61,745
26.5,35.5,61,803
26.5,36.5,61,818
26.5,50.5,42,776
26.5,51.5,42,783
26.5,53.5,42,806
26.5,54.5,42,809
26.5,55.5,42,812
26.5,56.5,43,807
26.5,126.5,71,1477
26.5,127.5,71,1470
26.5,128.5,70,1435
25.5,-174.5,12,241
25.5,-173.5,12,254
25.5,-172.5,12,254
25.5,-171.5,12,280
25.5,-170.5,12,297
25.5,-169.5,0,316
25.5,-80.5,27,1318
25.5,-79.5,26,1280
25.5,-78.5,25,1274
25.5,-77.5,25,1250
25.5,-76.5,25,1225
25.5,34.5,61,762
25.5,36.5,61,861
25.5,37.5,61,864
25.5,50.5,42,855
25.5,51.5,42,854
25.5,52.5,42,866
25.5,54.5,42,876
25.5,55.5,42,893
25.5,56.5,43,898
25.5,59.5,43,886
25.5,60.5,43,883
25.5,121.5,69,1618
25.5,122.5,71,1610
25.5,123.5,71,1576
25.5,124.5,72,1573
25.5,125.5,72,1523
25.5,131.5,0,1291
24.5,-167.5,12,332
24.5,-166.5,12,349
24.5,-83.5,26,1329
24.5,-82.5,26,1347
24.5,-81.5,26,1359
24.5,-80.5,26,1372
24.5,-79.5,26,1356
24.5,-78.5,25,1354
24.5,-77.5,25,1332
24.5,-76.5,25,1313
24.5,-75.5,25,1288
24.5,-74.5,25,1239
24.5,34.5,61,782
24.5,35.5,61,825
24.5,36.5,61,875
24.5,37.5,61,894
24.5,38.5,60,884
24.5,51.5,42,909
24.5,52.5,42,920
24.5,53.5,42,923
24.5,54.5,42,926
24.5,118.5,24,1427
24.5,119.5,37,1555
24.5,121.5,70,1821
24.5,122.5,72,1782
24.5,123.5,71,1705
24.5,124.5,72,1652
24.5,125.5,72,1604
24.5,131.5,0,1336
24.5,153.5,0,85
23.5,-166.5,12,336
23.5,-164.5,12,366
23.5,-162.5,12,413
23.5,-161.5,12,456
23.5,-109.5,7,542
23.5,-88.5,25,1233
23.5,-83.5,26,1331
23.5,-82.5,26,1357
23.5,-81.5,26,1367
23.5,-80.5,26,1384
23.5,-79.5,25,1390
23.5,-78.5,25,1387
23.5,-77.5,25,1382
23.5,-76.5,25,1377
23.5,-75.5,25,1353
23.5,-74.5,25,1305
23.5,-73.5,25,1279
23.5,35.5,62,836
23.5,36.5,62,881
23.5,37.5,61,912
23.5,38.5,60,915
23.5,57.5,44,998
23.5,58.5,44,1003
23.5,119.5,43,1760
23.5,121.5,71,1908
22.5,-162.5,12,387
22.5,-161.5,12,408
22.5,-160.5,12,450
22.5,-159.5,12,497
22.5,-109.5,7,573
22.5,-91.5,25,1179
22.5,-89.5,25,1246
22.5,-88.5,25,1261
22.5,-84.5,26,1345
22.5,-83.5,26,1357
22.5,-81.5,26,1396
22.5,-80.5,26,1405
22.5,-79.5,25,1408
22.5,-78.5,25,1411
22.5,-77.5,25,1416
22.5,-76.5,25,1409
22.5,-75.5,25,1398
22.5,-74.5,25,1386
22.5,-73.5,25,1365
22.5,-72.5,25,1330
22.5,35.5,61,856
22.5,36.5,61,884
22.5,37.5,61,925
22.5,38.5,60,942
22.5,39.5,60,952
22.5,59.5,43,1033
22.5,68.5,36,1026
22.5,69.5,36,1032
22.5,70.5,36,1022
22.5,114.5,31,1534
22.5,120.5,74,2029
22.5,121.5,72,2016
21.5,-160.5,12,447
21.5,-159.5,12,478
21.5,-158.5,12,560
21.5,-157.5,12,705
21.5,-156.5,12,715
21.5,-97.5,16,680
21.5,-92.5,25,1195
21.5,-91.5,25,1215
21.5,-90.5,25,1236
21.5,-89.5,25,1261
21.5,-88.5,25,1265
21.5,-86.5,26,1315
21.5,-84.5,26,1363
21.5,-83.5,26,1379
21.5,-82.5,26,1402
21.5,-81.5,26,1412
21.5,-80.5,26,1411
21.5,-79.5,26,1413
21.5,-78.5,26,1419
21.5,-77.5,25,1417
21.5,-76.5,25,1417
21.5,-75.5,25,1414
21.5,-73.5,25,1387
21.5,-72.5,25,1384
21.5,-71.5,25,1361
21.5,36.5,61,888
21.5,37.5,61,932
21.5,38.5,61,957
21.5,39.5,60,970
21.5,69.5,36,1062
21.5,70.5,3,1074
21.5,71.5,2,1068
21.5,72.5,2,1062
21.5,120.5,75,2064
21.5,121.5,75,2085
20.5,-157.5,12,655
20.5,-156.5,12,656
20.5,-155.5,12,622
20.5,-92.5,25,1208
20.5,-91.5,25,1214
20.5,-90.5,25,1223
20.5,-87.5,26,1287
20.5,-86.5,26,1334
20.5,-79.5,26,1417
20.5,-78.5,26,1427
20.5,-77.5,26,1429
20.5,-75.5,26,1430
20.5,-74.5,26,1422
20.5,-73.5,26,1405
20.5,-72.5,25,1395
20.5,37.5,61,927
20.5,39.5,60,975
20.5,40.5,60,1015
20.5,57.5,43,1078
20.5,58.5,43,1074
20.5,70.5,2,1108
20.5,71.5,2,1116
20.5,72.5,3,1113
20.5,92.5,59,1112
20.5,107.5,3,1402
20.5,109.5,11,1516
20.5,110.5,25,1562
20.5,116.5,70,1931
20.5,121.5,77,2112
20.5,122.5,77,2103
20.5,136.5,0,1328
20.5,145.5,61,663
19.5,-156.5,12,645
19.5,-155.5,12,605
19.5,-96.5,16,753
19.5,-95.5,16,751
19.5,-92.5,25,1166
19.5,-87.5,26,1292
19.5,-81.5,26,1424
19.5,-80.5,26,1429
19.5,-79.5,26,1418
19.5,-77.5,26,1437
19.5,-76.5,26,1442
19.5,-75.5,26,1451
19.5,-74.5,26,1440
19.5,-73.5,26,1433
19.5,-72.5,26,1423
19.5,-71.5,25,1406
19.5,-70.5,26,1401
19.5,-69.5,26,1394
19.5,-68.5,26,1369
19.5,37.5,61,936
19.5,38.5,61,984
19.5,39.5,61,1018
19.5,40.5,60,1032
19.5,41.5,60,1029
19.5,57.5,43,1115
19.5,72.5,3,1164
19.5,92.5,59,1173
19.5,93.5,59,1183
19.5,105.5,3,1443
19.5,108.5,17,1590
19.5,109.5,10,1641
19.5,110.5,25,1709
19.5,111.5,25,1757
19.5,121.5,81,2143
19.5,122.5,80,2128
19.5,166.5,3,213
18.5,-155.5,12,608
18.5,-94.5,16,781
18.5,-87.5,26,1293
18.5,-78.5,26,1438
18.5,-77.5,26,1442
18.5,-76.5,26,1448
18.5,-75.5,26,1451
18.5,-74.5,26,1453
18.5,-73.5,26,1449
18.5,-72.5,26,1440
18.5,-71.5,26,1432
18.5,-70.5,26,1423
18.5,-69.5,26,1408
18.5,-68.5,26,1401
18.5,-67.5,26,1395
18.5,-66.5,26,1371
18.5,-65.5,26,1332
18.5,-64.5,26,1277
18.5,-63.5,26,1246
18.5,-62.5,26,1106
18.5,37.5,61,953
18.5,38.5,61,974
18.5,40.5,62,1044
18.5,41.5,62,1051
18.5,56.5,43,1157
18.5,57.5,43,1144
18.5,72.5,6,1209
18.5,93.5,62,1251
18.5,94.5,62,1262
18.5,105.5,3,1569
18.5,106.5,15,1608
18.5,109.5,25,1785
18.5,120.5,82,2141
18.5,121.5,81,2166
18.5,122.5,80,2146
17.5,-88.5,26,1166
17.5,-87.5,26,1264
17.5,-83.5,26,1380
17.5,-77.5,26,1444
17.5,-76.5,26,1456
17.5,-75.5,26,1454
17.5,-71.5,26,1469
17.5,-67.5,26,1431
17.5,-66.5,26,1403
17.5,-65.5,26,1370
17.5,-64.5,26,1333
17.5,-63.5,26,1282
17.5,-62.5,26,1215
17.5,-61.5,26,1113
17.5,38.5,61,973
17.5,39.5,62,1041
17.5,41.5,62,1067
17.5,42.5,62,1073
17.5,54.5,46,1183
17.5,55.5,43,1186
17.5,56.5,43,1181
17.5,73.5,37,1245
17.5,94.5,62,1346
17.5,107.5,28,1776
17.5,111.5,71,1921
17.5,120.5,82,2207
17.5,122.5,80,2180
16.5,-169.5,12,306
16.5,-88.5,26,1097
16.5,-87.5,26,1167
16.5,-86.5,26,1246
16.5,-85.5,26,1299
16.5,-83.5,26,1362
16.5,-78.5,26,1461
16.5,-77.5,26,1468
16.5,-62.5,26,1276
16.5,-61.5,26,1198
16.5,-60.5,26,1062
16.5,39.5,62,1021
16.5,40.5,62,1071
16.5,41.5,62,1089
16.5,42.5,62,1103
16.5,54.5,47,1211
16.5,55.5,43,1205
16.5,73.5,37,1293
16.5,81.5,5,1306
16.5,94.5,62,1428
16.5,108.5,72,1903
16.5,111.5,71,1980
16.5,112.5,71,2028
16.5,119.5,82,2218
16.5,120.5,82,2269
16.5,121.5,82,2265
16.5,122.5,82,2232
16.5,145.5,61,1054
16.5,146.5,61,889
15.5,-87.5,26,1102
15.5,-86.5,26,1189
15.5,-83.5,26,1358
15.5,-82.5,26,1400
15.5,-63.5,0,1330
15.5,-61.5,26,1262
15.5,39.5,62,1060
15.5,40.5,62,1095
15.5,41.5,62,1112
15.5,42.5,62,1130
15.5,94.5,62,1515
15.5,108.5,72,1982
15.5,109.5,72,2003
15.5,111.5,71,2072
15.5,117.5,71,2199
15.5,119.5,82,2268
15.5,120.5,82,2329
15.5,121.5,82,2322
15.5,122.5,82,2307
15.5,145.5,62,1101
14.5,-83.5,26,1302
14.5,-82.5,26,1349
14.5,-81.5,26,1380
14.5,-80.5,26,1415
14.5,-61.5,26,1283
14.5,-60.5,26,1229
14.5,40.5,62,1093
14.5,42.5,62,1140
14.5,43.5,62,1140
14.5,48.5,54,1194
14.5,49.5,54,1210
14.5,50.5,54,1212
14.5,74.5,37,1356
14.5,93.5,64,1598
14.5,97.5,63,1735
14.5,120.5,82,2477
14.5,121.5,82,2527
14.5,122.5,82,2424
14.5,123.5,82,2361
14.5,124.5,82,2276
14.5,145.5,62,1183
14.5,168.5,6,200
14.5,169.5,6,29
13.5,-83.5,26,1245
13.5,-82.5,26,1305
13.5,-81.5,26,1349
13.5,-80.5,26,1365
13.5,-61.5,26,1268
13.5,-60.5,26,1208
13.5,-59.5,26,1099
13.5,42.5,62,1147
13.5,43.5,62,1160
13.5,92.5,64,1680
13.5,93.5,64,1728
13.5,94.5,64,1756
13.5,97.5,63,1817
13.5,98.5,64,1842
13.5,100.5,41,1933
13.5,109.5,72,2180
13.5,120.5,82,2580
13.5,121.5,82,2654
13.5,122.5,82,2586
13.5,123.5,82,2478
13.5,124.5,82,2388
13.5,144.5,62,1373
12.5,-83.5,26,1229
12.5,-82.5,26,1246
12.5,-81.5,26,1284
12.5,-72.5,26,1396
12.5,-71.5,26,1386
12.5,-70.5,26,1365
12.5,-69.5,26,1356
12.5,-68.5,26,1347
12.5,-67.5,26,1336
12.5,-61.5,26,1260
12.5,42.5,62,1162
12.5,43.5,65,1184
12.5,44.5,54,1217
12.5,52.5,53,1339
12.5,71.5,40,1360
12.5,79.5,6,1536
12.5,92.5,64,1795
12.5,93.5,64,1844
12.5,97.5,65,1928
12.5,98.5,65,1956
12.5,100.5,41,2029
12.5,101.5,41,2076
12.5,102.5,42,2103
12.5,109.5,73,2264
12.5,119.5,82,2540
12.5,120.5,82,2632
12.5,121.5,82,2670
12.5,122.5,82,2682
12.5,123.5,82,2621
12.5,124.5,82,2517
12.5,125.5,82,2407
12.5,144.5,62,1462
12.5,170.5,68,28
11.5,-85.5,7,1092
11.5,-74.5,26,1325
11.5,-73.5,26,1310
11.5,-72.5,26,1295
11.5,-71.5,26,1283
11.5,-69.5,26,1260
11.5,-67.5,26,1228
11.5,-66.5,26,1204
11.5,-64.5,26,1182
11.5,-63.5,26,1181
11.5,-61.5,26,1160
11.5,-60.5,26,1139
11.5,42.5,53,1182
11.5,43.5,54,1206
11.5,71.5,40,1392
11.5,72.5,40,1459
11.5,73.5,40,1505
11.5,75.5,37,1525
11.5,79.5,6,1586
11.5,92.5,64,1874
11.5,93.5,64,1909
11.5,97.5,65,2021
11.5,98.5,65,2038
11.5,99.5,41,2079
11.5,102.5,43,2186
11.5,103.5,47,2204
11.5,108.5,73,2283
11.5,109.5,73,2313
11.5,114.5,71,2424
11.5,115.5,71,2442
11.5,116.5,71,2471
11.5,117.5,71,2483
11.5,118.5,82,2505
11.5,119.5,82,2579
11.5,120.5,82,2667
11.5,121.5,82,2706
11.5,122.5,82,2707
11.5,123.5,82,2681
11.5,124.5,82,2608
11.5,125.5,82,2520
11.5,162.5,68,708
11.5,165.5,68,557
11.5,166.5,68,489
11.5,167.5,68,408
11.5,169.5,68,336
10.5,-109.5,8,664
10.5,-85.5,7,1056
10.5,-83.5,26,1108
10.5,-75.5,26,1189
10.5,-68.5,26,1115
10.5,-67.5,26,1112
10.5,-66.5,26,1110
10.5,-65.5,26,1112
10.5,-64.5,26,1110
10.5,-63.5,26,1124
10.5,-61.5,26,1132
10.5,-60.5,26,1136
10.5,72.5,40,1506
10.5,73.5,40,1526
10.5,92.5,64,1935
10.5,97.5,65,2115
10.5,98.5,65,2126
10.5,99.5,43,2156
10.5,102.5,48,2250
10.5,103.5,68,2276
10.5,104.5,70,2280
10.5,107.5,73,2324
10.5,108.5,73,2343
10.5,113.5,71,2429
10.5,114.5,71,2457
10.5,115.5,71,2484
10.5,116.5,71,2505
10.5,117.5,82,2524
10.5,118.5,82,2564
10.5,119.5,82,2620
10.5,120.5,82,2696
10.5,121.5,82,2732
10.5,122.5,82,2733
10.5,123.5,82,2735
10.5,124.5,82,2676
10.5,125.5,82,2613
10.5,126.5,82,2551
10.5,139.5,61,1863
10.5,165.5,68,603
10.5,166.5,68,565
10.5,168.5,68,405
10.5,169.5,68,341
10.5,170.5,68,141
9.5,-85.5,7,1025
9.5,-84.5,7,1034
9.5,-83.5,30,1082
9.5,-82.5,25,1094
9.5,-81.5,25,1129
9.5,-79.5,30,1237
9.5,-78.5,25,1212
9.5,-77.5,26,1054
9.5,-76.5,26,1048
9.5,-75.5,26,1057
9.5,76.5,60,1604
9.5,78.5,65,1655
9.5,79.5,68,1680
9.5,80.5,72,1711
9.5,92.5,64,2015
9.5,97.5,66,2159
9.5,98.5,66,2179
9.5,99.5,43,2213
9.5,100.5,43,2262
9.5,102.5,68,2301
9.5,103.5,70,2308
9.5,104.5,70,2312
9.5,112.5,0,2445
9.5,113.5,71,2462
9.5,114.5,71,2486
9.5,115.5,71,2507
9.5,116.5,82,2538
9.5,117.5,82,2559
9.5,118.5,82,2588
9.5,119.5,82,2652
9.5,120.5,82,2707
9.5,121.5,82,2744
9.5,122.5,82,2746
9.5,123.5,82,2756
9.5,124.5,82,2729
9.5,125.5,82,2674
9.5,126.5,82,2614
9.5,138.5,58,2020
9.5,139.5,61,1960
9.5,140.5,62,1883
9.5,145.5,0,1615
9.5,147.5,0,1483
9.5,148.5,70,1389
9.5,160.5,68,815
9.5,165.5,68,654
9.5,166.5,68,601
9.5,167.5,68,561
9.5,169.5,68,390
9.5,170.5,68,233
8.5,-83.5,8,1024
8.5,-82.5,30,1040
8.5,-81.5,30,1048
8.5,-80.5,30,1052
8.5,-79.5,10,1124
8.5,-78.5,10,1158
8.5,-77.5,30,1020
8.5,-76.5,26,1000
8.5,73.5,37,1576
8.5,76.5,63,1609
8.5,77.5,64,1634
8.5,78.5,66,1670
8.5,79.5,67,1714
8.5,81.5,71,1790
8.5,92.5,64,2055
8.5,93.5,64,2061
8.5,97.5,68,2184
8.5,98.5,69,2232
8.5,100.5,53,2300
8.5,106.5,72,2378
8.5,111.5,0,2460
8.5,112.5,0,2465
8.5,113.5,71,2483
8.5,114.5,71,2500
8.5,116.5,82,2537
8.5,117.5,82,2562
8.5,118.5,82,2604
8.5,119.5,82,2672
8.5,120.5,82,2715
8.5,122.5,82,2752
8.5,123.5,82,2750
8.5,124.5,82,2740
8.5,125.5,82,2722
8.5,126.5,82,2674
8.5,134.5,68,2370
8.5,137.5,58,2132
8.5,140.5,62,1979
8.5,144.5,70,1740
8.5,145.5,0,1684
8.5,146.5,70,1628
8.5,147.5,70,1553
8.5,148.5,70,1499
8.5,149.5,70,1386
8.5,150.5,70,1325
8.5,151.5,70,1258
8.5,152.5,70,1197
8.5,154.5,0,1096
8.5,165.5,68,673
8.5,166.5,68,647
8.5,167.5,68,582
8.5,168.5,68,510
8.5,170.5,68,395
8.5,171.5,68,264
7.5,-82.5,9,1007
7.5,-81.5,9,1017
7.5,-80.5,9,1010
7.5,72.5,63,1582
7.5,73.5,63,1610
7.5,79.5,67,1750
7.5,81.5,71,1824
7.5,93.5,64,2074
7.5,98.5,71,2244
7.5,99.5,74,2289
7.5,109.5,71,2448
7.5,110.5,0,2457
7.5,112.5,0,2475
7.5,113.5,0,2494
7.5,114.5,0,2516
7.5,116.5,84,2554
7.5,117.5,84,2574
7.5,118.5,84,2608
7.5,121.5,82,2752
7.5,122.5,82,2754
7.5,123.5,82,2752
7.5,124.5,82,2746
7.5,125.5,82,2728
7.5,126.5,82,2698
7.5,134.5,68,2412
7.5,143.5,70,1820
7.5,144.5,70,1777
7.5,145.5,0,1724
7.5,146.5,70,1678
7.5,147.5,70,1625
7.5,148.5,70,1554
7.5,149.5,70,1480
7.5,151.5,70,1332
7.5,152.5,70,1255
7.5,155.5,0,1133
7.5,157.5,71,1058
7.5,158.5,71,1026
7.5,168.5,68,555
7.5,171.5,68,278
6.5,-162.5,10,633
6.5,-77.5,8,927
6.5,72.5,63,1603
6.5,73.5,63,1625
6.5,79.5,67,1792
6.5,80.5,67,1819
6.5,81.5,72,1856
6.5,93.5,64,2097
6.5,95.5,77,2137
6.5,99.5,80,2288
6.5,100.5,80,2314
6.5,115.5,84,2556
6.5,116.5,84,2569
6.5,117.5,84,2588
6.5,118.5,84,2620
6.5,120.5,82,2727
6.5,121.5,82,2758
6.5,122.5,82,2759
6.5,123.5,82,2758
6.5,124.5,82,2745
6.5,125.5,82,2737
6.5,126.5,82,2707
6.5,134.5,68,2477
6.5,142.5,0,1957
6.5,143.5,70,1878
6.5,146.5,70,1726
6.5,149.5,70,1551
6.5,151.5,70,1361
6.5,152.5,70,1323
6.5,157.5,71,1080
6.5,158.5,71,1047
6.5,159.5,71,950
6.5,160.5,68,889
6.5,169.5,68,508
6.5,171.5,68,316
6.5,172.5,68,161
5.5,-162.5,10,651
5.5,-161.5,10,655
5.5,-87.5,7,907
5.5,72.5,63,1643
5.5,73.5,63,1698
5.5,80.5,67,1847
5.5,95.5,77,2136
5.5,100.5,81,2304
5.5,102.5,71,2366
5.5,103.5,71,2375
5.5,114.5,84,2538
5.5,115.5,84,2565
5.5,116.5,84,2575
5.5,117.5,84,2586
5.5,118.5,84,2641
5.5,119.5,84,2705
5.5,120.5,82,2729
5.5,121.5,82,2763
5.5,124.5,82,2748
5.5,125.5,82,2747
5.5,126.5,82,2717
5.5,132.5,72,2590
5.5,149.5,70,1611
5.5,153.5,70,1310
5.5,157.5,71,1121
5.5,162.5,68,870
5.5,163.5,68,843
5.5,168.5,68,636
5.5,169.5,68,569
5.5,172.5,68,247
4.5,-160.5,10,661
4.5,72.5,63,1706
4.5,73.5,63,1752
4.5,95.5,77,2130
4.5,96.5,77,2161
4.5,103.5,72,2378
4.5,107.5,71,2463
4.5,108.5,72,2476
4.5,114.5,83,2561
4.5,118.5,83,2658
4.5,119.5,83,2713
4.5,120.5,82,2747
4.5,125.5,82,2749
4.5,126.5,82,2738
4.5,127.5,82,2719
4.5,131.5,72,2640
4.5,132.5,72,2616
4.5,168.5,68,693
3.5,-159.5,10,667
3.5,-81.5,8,906
3.5,-78.5,8,848
3.5,72.5,63,1748
3.5,73.5,63,1767
3.5,95.5,77,2116
3.5,96.5,77,2139
3.5,97.5,77,2175
3.5,99.5,81,2232
3.5,105.5,74,2431
3.5,106.5,74,2447
3.5,107.5,74,2470
3.5,108.5,74,2475
3.5,113.5,81,2544
3.5,125.5,83,2759
3.5,126.5,83,2759
3.5,131.5,73,2670
3.5,154.5,0,1336
3.5,172.5,68,335
3.5,173.5,68,209
2.5,-157.5,10,709
2.5,-78.5,8,752
2.5,45.5,63,1391
2.5,46.5,63,1405
2.5,72.5,63,1774
2.5,73.5,63,1797
2.5,95.5,77,2104
2.5,96.5,77,2123
2.5,97.5,77,2149
2.5,98.5,77,2188
2.5,102.5,81,2307
2.5,103.5,81,2345
2.5,104.5,81,2388
2.5,105.5,81,2414
2.5,106.5,81,2431
2.5,107.5,81,2452
2.5,108.5,81,2466
2.5,109.5,81,2476
2.5,117.5,83,2635
2.5,118.5,83,2681
2.5,125.5,83,2770
2.5,127.5,83,2744
2.5,128.5,83,2728
2.5,131.5,74,2684
2.5,173.5,68,307
1.5,-157.5,10,703
1.5,-92.5,8,747
1.5,-91.5,8,858
1.5,44.5,63,1415
1.5,45.5,63,1430
1.5,73.5,63,1818
1.5,97.5,77,2122
1.5,98.5,77,2160
1.5,103.5,81,2317
1.5,104.5,81,2357
1.5,107.5,81,2429
1.5,118.5,83,2685
1.5,119.5,83,2729
1.5,120.5,83,2759
1.5,121.5,83,2779
1.5,122.5,83,2791
1.5,123.5,83,2780
1.5,124.5,83,2775
1.5,125.5,83,2770
1.5,126.5,83,2764
1.5,127.5,83,2764
1.5,128.5,83,2743
1.5,131.5,77,2697
1.5,154.5,0,1455
1.5,172.5,68,580
1.5,173.5,68,370
0.5,-176.5,51,227
0.5,-89.5,8,844
0.5,72.5,64,1825
0.5,73.5,64,1845
0.5,97.5,77,2092
0.5,98.5,77,2125
0.5,99.5,77,2168
0.5,103.5,81,2289
0.5,104.5,81,2337
0.5,106.5,81,2387
0.5,107.5,81,2413
0.5,108.5,81,2429
0.5,117.5,83,2647
0.5,118.5,83,2694
0.5,119.5,83,2737
0.5,120.5,83,2758
0.5,121.5,83,2780
0.5,122.5,83,2795
0.5,123.5,83,2778
0.5,124.5,83,2767
0.5,126.5,83,2763
0.5,127.5,83,2765
0.5,128.5,83,2758
0.5,129.5,83,2751
0.5,130.5,83,2743
0.5,131.5,81,2706
0.5,134.5,80,2664
0.5,172.5,68,589
0.5,173.5,68,412
-0.5,-160.5,0,689
-0.5,-159.5,0,696
-0.5,-91.5,8,634
-0.5,-90.5,8,630
-0.5,-89.5,8,637
-0.5,-44.5,1,1076
-0.5,42.5,62,1400
-0.5,73.5,64,1843
-0.5,97.5,77,2080
-0.5,98.5,77,2088
-0.5,99.5,77,2128
-0.5,100.5,77,2166
-0.5,104.5,81,2294
-0.5,105.5,81,2329
-0.5,117.5,83,2654
-0.5,119.5,83,2735
-0.5,120.5,83,2761
-0.5,121.5,83,2780
-0.5,122.5,83,2791
-0.5,123.5,83,2775
-0.5,127.5,83,2769
-0.5,128.5,83,2763
-0.5,129.5,83,2749
-0.5,130.5,82,2741
-0.5,131.5,79,2725
-0.5,132.5,79,2710
-0.5,133.5,79,2703
-0.5,134.5,78,2676
-0.5,135.5,78,2652
-0.5,136.5,78,2631
-0.5,145.5,77,2284
-0.5,166.5,68,889
-0.5,169.5,68,772
-0.5,174.5,68,295
-1.5,-174.5,0,346
-1.5,-91.5,8,598
-1.5,-90.5,8,597
-1.5,-89.5,8,603
-1.5,41.5,64,1399
-1.5,42.5,63,1425
-1.5,98.5,77,2070
-1.5,99.5,77,2088
-1.5,100.5,77,2127
-1.5,105.5,81,2314
-1.5,106.5,81,2338
-1.5,108.5,81,2405
-1.5,109.5,81,2437
-1.5,116.5,83,2600
-1.5,117.5,83,2658
-1.5,119.5,83,2731
-1.5,120.5,83,2760
-1.5,121.5,83,2766
-1.5,122.5,83,2787
-1.5,123.5,83,2767
-1.5,124.5,83,2751
-1.5,125.5,83,2758
-1.5,126.5,83,2762
-1.5,127.5,83,2755
-1.5,128.5,83,2763
-1.5,129.5,83,2759
-1.5,130.5,82,2749
-1.5,131.5,79,2738
-1.5,134.5,78,2694
-1.5,135.5,78,2662
-1.5,136.5,78,2655
-1.5,137.5,78,2623
-1.5,138.5,78,2594
-1.5,142.5,78,2469
-1.5,143.5,78,2425
-1.5,144.5,78,2375
-1.5,145.5,78,2332
-1.5,146.5,78,2282
-1.5,147.5,78,2227
-1.5,148.5,78,2158
-1.5,149.5,78,2076
-1.5,150.5,79,1983
-1.5,153.5,79,1708
-1.5,174.5,68,357
-1.5,175.5,69,229
-1.5,176.5,69,146
-2.5,-171.5,52,515
-2.5,40.5,64,1400
-2.5,41.5,64,1432
-2.5,99.5,77,2053
-2.5,100.5,77,2074
-2.5,105.5,81,2299
-2.5,106.5,81,2329
-2.5,107.5,81,2353
-2.5,108.5,81,2386
-2.5,109.5,81,2418
-2.5,110.5,81,2444
-2.5,116.5,83,2600
-2.5,117.5,83,2663
-2.5,118.5,83,2687
-2.5,119.5,83,2722
-2.5,120.5,83,2751
-2.5,121.5,83,2750
-2.5,122.5,83,2778
-2.5,123.5,83,2759
-2.5,124.5,83,2748
-2.5,125.5,83,2748
-2.5,126.5,83,2740
-2.5,127.5,83,2741
-2.5,128.5,83,2744
-2.5,129.5,83,2751
-2.5,130.5,83,2734
-2.5,131.5,82,2718
-2.5,134.5,79,2686
-2.5,135.5,78,2663
-2.5,136.5,78,2662
-2.5,145.5,78,2359
-2.5,146.5,78,2318
-2.5,147.5,78,2277
-2.5,148.5,78,2218
-2.5,149.5,79,2166
-2.5,150.5,79,2096
-2.5,151.5,79,1987
-2.5,153.5,79,1812
-2.5,175.5,69,253
-2.5,176.5,69,205
-3.5,-174.5,52,349
-3.5,-171.5,52,544
-3.5,-170.5,52,578
-3.5,-154.5,36,729
-3.5,-33.5,0,882
-3.5,-32.5,0,856
-3.5,39.5,63,1345
-3.5,40.5,64,1465
-3.5,55.5,66,1670
-3.5,100.5,77,2047
-3.5,101.5,77,2075
-3.5,102.5,77,2115
-3.5,106.5,81,2306
-3.5,107.5,81,2351
-3.5,108.5,81,2365
-3.5,115.5,83,2563
-3.5,116.5,83,2613
-3.5,117.5,83,2661
-3.5,118.5,83,2672
-3.5,119.5,83,2714
-3.5,120.5,83,2736
-3.5,121.5,83,2737
-3.5,122.5,83,2761
-3.5,123.5,83,2750
-3.5,125.5,83,2726
-3.5,126.5,83,2730
-3.5,127.5,83,2728
-3.5,128.5,83,2731
-3.5,129.5,83,2724
-3.5,130.5,83,2720
-3.5,131.5,83,2695
-3.5,132.5,82,2689
-3.5,133.5,79,2681
-3.5,134.5,78,2672
-3.5,135.5,78,2659
-3.5,144.5,78,2455
-3.5,147.5,78,2308
-3.5,148.5,78,2267
-3.5,150.5,79,2163
-3.5,151.5,79,2111
-3.5,152.5,79,2033
-3.5,153.5,79,1920
-3.5,154.5,74,1823
-4.5,-174.5,52,356
-4.5,-172.5,52,508
-4.5,-171.5,52,555
-4.5,-154.5,36,724
-4.5,39.5,64,1391
-4.5,53.5,66,1622
-4.5,55.5,66,1685
-4.5,56.5,66,1711
-4.5,72.5,69,1878
-4.5,101.5,77,2040
-4.5,103.5,77,2104
-4.5,115.5,83,2536
-4.5,116.5,83,2596
-4.5,117.5,83,2639
-4.5,118.5,84,2663
-4.5,119.5,84,2690
-4.5,120.5,84,2709
-4.5,121.5,84,2708
-4.5,122.5,83,2721
-4.5,123.5,83,2716
-4.5,129.5,83,2674
-4.5,130.5,83,2668
-4.5,131.5,83,2664
-4.5,132.5,83,2662
-4.5,133.5,78,2654
-4.5,134.5,78,2644
-4.5,145.5,78,2438
-4.5,146.5,78,2364
-4.5,150.5,79,2209
-4.5,151.5,79,2149
-4.5,152.5,79,2098
-4.5,153.5,79,2032
-4.5,154.5,78,1938
-4.5,155.5,78,1833
-4.5,156.5,74,1707
-4.5,157.5,71,1603
-4.5,159.5,72,1454
-5.5,-155.5,38,724
-5.5,-35.5,9,961
-5.5,38.5,64,1268
-5.5,39.5,64,1403
-5.5,53.5,66,1655
-5.5,55.5,66,1698
-5.5,71.5,69,1846
-5.5,72.5,69,1855
-5.5,102.5,77,2037
-5.5,103.5,77,2064
-5.5,104.5,78,2087
-5.5,105.5,81,2117
-5.5,106.5,81,2143
-5.5,108.5,81,2267
-5.5,110.5,81,2320
-5.5,112.5,82,2400
-5.5,114.5,83,2474
-5.5,116.5,83,2579
-5.5,117.5,84,2617
-5.5,118.5,84,2635
-5.5,119.5,84,2668
-5.5,120.5,84,2681
-5.5,121.5,84,2690
-5.5,122.5,83,2695
-5.5,123.5,83,2685
-5.5,124.5,83,2671
-5.5,127.5,82,2678
-5.5,131.5,83,2646
-5.5,132.5,83,2640
-5.5,133.5,81,2637
-5.5,134.5,78,2638
-5.5,145.5,78,2441
-5.5,146.5,79,2385
-5.5,147.5,79,2343
-5.5,148.5,79,2300
-5.5,149.5,79,2265
-5.5,150.5,79,2236
-5.5,151.5,79,2184
-5.5,154.5,78,2052
-5.5,155.5,78,1965
-5.5,159.5,72,1501
-5.5,176.5,69,259
-6.5,-35.5,9,971
-6.5,-34.5,9,933
-6.5,38.5,64,1275
-6.5,39.5,64,1419
-6.5,52.5,66,1665
-6.5,53.5,66,1683
-6.5,55.5,66,1710
-6.5,71.5,69,1828
-6.5,72.5,69,1821
-6.5,105.5,79,2084
-6.5,106.5,81,2116
-6.5,107.5,81,2173
-6.5,109.5,81,2235
-6.5,110.5,81,2262
-6.5,111.5,82,2299
-6.5,112.5,82,2331
-6.5,113.5,83,2384
-6.5,114.5,83,2422
-6.5,115.5,83,2484
-6.5,116.5,83,2546
-6.5,118.5,84,2612
-6.5,119.5,84,2634
-6.5,120.5,84,2649
-6.5,121.5,84,2656
-6.5,122.5,83,2672
-6.5,124.5,83,2648
-6.5,129.5,82,2641
-6.5,130.5,82,2634
-6.5,131.5,82,2630
-6.5,132.5,82,2628
-6.5,134.5,75,2618
-6.5,147.5,79,2360
-6.5,148.5,79,2330
-6.5,149.5,79,2282
-6.5,155.5,76,2058
-6.5,156.5,77,1988
-6.5,157.5,77,1857
-6.5,176.5,69,303
-6.5,177.5,69,240
-7.5,-34.5,9,907
-7.5,39.5,64,1402
-7.5,52.5,66,1677
-7.5,56.5,66,1737
-7.5,70.5,69,1812
-7.5,71.5,69,1809
-7.5,72.5,69,1800
-7.5,105.5,78,2042
-7.5,106.5,78,2070
-7.5,107.5,78,2123
-7.5,108.5,78,2163
-7.5,109.5,78,2185
-7.5,113.5,83,2289
-7.5,114.5,83,2313
-7.5,115.5,83,2355
-7.5,117.5,84,2509
-7.5,118.5,84,2534
-7.5,120.5,84,2592
-7.5,121.5,84,2602
-7.5,122.5,83,2602
-7.5,123.5,83,2617
-7.5,125.5,82,2621
-7.5,126.5,82,2621
-7.5,127.5,82,2612
-7.5,128.5,82,2604
-7.5,129.5,82,2610
-7.5,130.5,82,2607
-7.5,131.5,82,2608
-7.5,132.5,82,2613
-7.5,134.5,66,2605
-7.5,147.5,79,2368
-7.5,155.5,76,2077
-7.5,156.5,77,2055
-7.5,157.5,77,1987
-7.5,158.5,77,1872
-7.5,159.5,78,1747
-7.5,160.5,78,1648
-7.5,177.5,69,240
-7.5,178.5,69,211
-8.5,-172.5,52,551
-8.5,-158.5,43,695
-8.5,-157.5,43,703
-8.5,-35.5,9,951
-8.5,-34.5,9,851
-8.5,39.5,64,1391
-8.5,51.5,65,1675
-8.5,110.5,78,2153
-8.5,112.5,79,2182
-8.5,113.5,80,2215
-8.5,114.5,83,2235
-8.5,115.5,83,2281
-8.5,116.5,83,2345
-8.5,117.5,83,2399
-8.5,118.5,84,2446
-8.5,119.5,84,2486
-8.5,120.5,84,2507
-8.5,121.5,83,2528
-8.5,122.5,83,2532
-8.5,123.5,83,2540
-8.5,124.5,83,2550
-8.5,125.5,82,2548
-8.5,126.5,82,2559
-8.5,127.5,82,2563
-8.5,128.5,82,2567
-8.5,129.5,82,2580
-8.5,130.5,82,2588
-8.5,131.5,83,2582
-8.5,136.5,64,2590
-8.5,143.5,76,2549
-8.5,146.5,76,2414
-8.5,148.5,79,2329
-8.5,149.5,79,2287
-8.5,150.5,79,2260
-8.5,151.5,79,2209
-8.5,152.5,78,2167
-8.5,156.5,75,2056
-8.5,157.5,77,2010
-8.5,158.5,77,1936
-8.5,159.5,78,1848
-8.5,160.5,78,1732
-8.5,161.5,78,1608
-8.5,162.5,78,1537
-8.5,178.5,69,212
-8.5,179.5,69,141
-9.5,-171.5,52,594
-9.5,-161.5,43,691
-9.5,-158.5,43,729
-9.5,-157.5,43,736
-9.5,-150.5,39,791
-9.5,-35.5,9,898
-9.5,39.5,64,1366
-9.5,46.5,65,1602
-9.5,47.5,65,1620
-9.5,50.5,65,1659
-9.5,51.5,65,1673
-9.5,116.5,80,2286
-9.5,117.5,82,2319
-9.5,118.5,82,2364
-9.5,119.5,82,2392
-9.5,120.5,82,2409
-9.5,123.5,82,2475
-9.5,124.5,81,2489
-9.5,125.5,81,2493
-9.5,135.5,65,2589
-9.5,136.5,65,2592
-9.5,141.5,69,2575
-9.5,142.5,77,2565
-9.5,143.5,77,2548
-9.5,144.5,76,2479
-9.5,145.5,76,2442
-9.5,146.5,76,2406
-9.5,147.5,77,2358
-9.5,148.5,79,2305
-9.5,149.5,80,2266
-9.5,150.5,80,2228
-9.5,151.5,79,2194
-9.5,152.5,78,2156
-9.5,153.5,75,2129
-9.5,157.5,75,1987
-9.5,158.5,76,1943
-9.5,159.5,77,1862
-9.5,160.5,77,1770
-9.5,161.5,78,1684
-9.5,162.5,78,1585
-9.5,166.5,71,1301
-9.5,167.5,71,1191
-9.5,179.5,69,145
-10.5,-179.5,69,0
-10.5,-165.5,43,684
-10.5,-161.5,43,707
-10.5,-160.5,43,717
-10.5,-152.5,42,812
-10.5,-150.5,42,807
-10.5,-36.5,9,917
-10.5,39.5,64,1365
-10.5,40.5,65,1440
-10.5,47.5,66,1634
-10.5,50.5,65,1676
-10.5,51.5,65,1694
-10.5,56.5,66,1725
-10.5,105.5,34,1839
-10.5,119.5,82,2334
-10.5,120.5,82,2352
-10.5,121.5,82,2384
-10.5,122.5,81,2404
-10.5,123.5,81,2402
-10.5,124.5,81,2417
-10.5,132.5,69,2556
-10.5,133.5,70,2560
-10.5,141.5,67,2551
-10.5,142.5,77,2546
-10.5,143.5,77,2541
-10.5,144.5,77,2513
-10.5,145.5,0,2442
-10.5,147.5,77,2363
-10.5,148.5,79,2308
-10.5,149.5,81,2256
-10.5,150.5,81,2215
-10.5,151.5,79,2178
-10.5,152.5,79,2137
-10.5,153.5,76,2114
-10.5,155.5,73,2054
-10.5,161.5,78,1752
-10.5,162.5,78,1665
-10.5,165.5,71,1402
-10.5,166.5,71,1357
-10.5,167.5,71,1254
-10.5,179.5,69,144
-11.5,-179.5,0,0
-11.5,-178.5,0,136
-11.5,-177.5,0,260
-11.5,-171.5,52,626
-11.5,-165.5,43,704
-11.5,-151.5,42,829
-11.5,40.5,66,1436
-11.5,43.5,65,1500
-11.5,46.5,66,1609
-11.5,47.5,68,1617
-11.5,49.5,68,1661
-11.5,96.5,34,1651
-11.5,122.5,81,2304
-11.5,123.5,82,2335
-11.5,130.5,69,2472
-11.5,131.5,69,2490
-11.5,132.5,69,2506
-11.5,133.5,70,2509
-11.5,134.5,68,2511
-11.5,135.5,68,2511
-11.5,136.5,68,2525
-11.5,141.5,65,2540
-11.5,142.5,77,2517
-11.5,143.5,77,2520
-11.5,144.5,77,2529
-11.5,150.5,79,2219
-11.5,151.5,78,2175
-11.5,152.5,77,2142
-11.5,153.5,75,2110
-11.5,154.5,74,2089
-11.5,159.5,75,1923
-11.5,160.5,77,1859
-11.5,166.5,71,1395
-11.5,167.5,71,1295
-11.5,169.5,71,1180
-11.5,170.5,0,1111
-11.5,175.5,0,777
-11.5,176.5,69,704
-12.5,-179.5,0,0
-12.5,-177.5,54,318
-12.5,-176.5,54,422
-12.5,-175.5,54,539
-12.5,-38.5,9,901
-12.5,-37.5,9,901
-12.5,40.5,65,1423
-12.5,41.5,65,1454
-12.5,43.5,65,1495
-12.5,44.5,65,1515
-12.5,45.5,65,1549
-12.5,46.5,66,1580
-12.5,47.5,68,1614
-12.5,48.5,68,1624
-12.5,49.5,68,1640
-12.5,96.5,34,1619
-12.5,122.5,68,2274
-12.5,123.5,69,2290
-12.5,124.5,69,2311
-12.5,130.5,69,2396
-12.5,131.5,69,2401
-12.5,134.5,68,2440
-12.5,135.5,68,2458
-12.5,136.5,68,2479
-12.5,141.5,65,2489
-12.5,143.5,77,2477
-12.5,160.5,75,1889
-12.5,168.5,71,1259
-12.5,176.5,69,737
-12.5,177.5,69,607
-13.5,-179.5,66,0
-13.5,-178.5,66,170
-13.5,-176.5,54,494
-13.5,-172.5,58,660
-13.5,-171.5,58,678
-13.5,-163.5,43,753
-13.5,-38.5,9,868
-13.5,40.5,65,1370
-13.5,44.5,65,1505
-13.5,45.5,65,1518
-13.5,47.5,68,1579
-13.5,48.5,68,1601
-13.5,49.5,66,1604
-13.5,50.5,66,1615
-13.5,120.5,1,2171
-13.5,121.5,1,2190
-13.5,122.5,69,2244
-13.5,124.5,69,2285
-13.5,125.5,69,2283
-13.5,126.5,69,2291
-13.5,127.5,69,2296
-13.5,129.5,69,2325
-13.5,130.5,69,2328
-13.5,143.5,77,2416
-13.5,144.5,77,2425
-13.5,146.5,77,2396
-13.5,160.5,0,1902
-13.5,166.5,71,1484
-13.5,167.5,71,1357
-14.5,-178.5,66,255
-14.5,-177.5,66,437
-14.5,-171.5,58,701
-14.5,-170.5,58,698
-14.5,-169.5,58,693
-14.5,-168.5,58,706
-14.5,-148.5,44,840
-14.5,-147.5,44,836
-14.5,-146.5,44,834
-14.5,-145.5,44,814
-14.5,-144.5,44,797
-14.5,-141.5,14,738
-14.5,-138.5,7,723
-14.5,-38.5,9,847
-14.5,40.5,65,1356
-14.5,47.5,68,1528
-14.5,50.5,66,1578
-14.5,121.5,69,2178
-14.5,123.5,69,2207
-14.5,124.5,69,2224
-14.5,125.5,69,2239
-14.5,126.5,69,2236
-14.5,127.5,69,2242
-14.5,129.5,69,2255
-14.5,135.5,68,2321
-14.5,136.5,68,2339
-14.5,143.5,77,2351
-14.5,144.5,77,2356
-14.5,145.5,77,2361
-14.5,146.5,77,2370
-14.5,159.5,0,1931
-14.5,166.5,72,1590
-14.5,167.5,72,1458
-14.5,168.5,72,1274
-15.5,-179.5,73,0
-15.5,-176.5,54,539
-15.5,-173.5,54,683
-15.5,-154.5,43,831
-15.5,-148.5,44,844
-15.5,-147.5,44,832
-15.5,-146.5,44,820
-15.5,-145.5,44,808
-15.5,-144.5,44,802
-15.5,-142.5,44,764
-15.5,-140.5,16,716
-15.5,40.5,65,1379
-15.5,45.5,66,1504
-15.5,46.5,67,1510
-15.5,47.5,67,1515
-15.5,49.5,66,1518
-15.5,50.5,66,1538
-15.5,54.5,67,1576
-15.5,121.5,69,2171
-15.5,123.5,69,2182
-15.5,124.5,69,2179
-15.5,145.5,77,2293
-15.5,147.5,0,2281
-15.5,149.5,75,2198
-15.5,166.5,72,1636
-15.5,167.5,72,1480
-15.5,168.5,72,1297
-15.5,175.5,0,1092
-15.5,179.5,73,423
-16.5,-179.5,73,0
-16.5,-178.5,73,370
-16.5,-173.5,54,675
-16.5,-154.5,43,805
-16.5,-153.5,43,807
-16.5,-152.5,43,805
-16.5,-151.5,43,808
-16.5,-150.5,44,803
-16.5,-149.5,45,770
-16.5,-146.5,44,762
-16.5,-145.5,44,751
-16.5,-144.5,44,746
-16.5,-143.5,44,735
-16.5,-142.5,44,729
-16.5,-141.5,20,717
-16.5,-140.5,17,695
-16.5,-39.5,9,737
-16.5,-38.5,9,709
-16.5,39.5,61,1353
-16.5,40.5,64,1377
-16.5,43.5,64,1456
-16.5,44.5,64,1476
-16.5,45.5,65,1485
-16.5,49.5,66,1496
-16.5,50.5,66,1496
-16.5,59.5,66,1547
-16.5,122.5,71,2102
-16.5,123.5,69,2100
-16.5,124.5,69,2093
-16.5,138.5,65,2173
-16.5,139.5,65,2179
-16.5,145.5,77,2230
-16.5,146.5,77,2247
-16.5,147.5,0,2243
-16.5,148.5,76,2171
-16.5,149.5,76,2130
-16.5,150.5,75,2061
-16.5,167.5,72,1464
-16.5,168.5,72,1268
-16.5,177.5,73,977
-16.5,178.5,73,798
-16.5,179.5,73,422
-17.5,-179.5,73,0
-17.5,-178.5,73,296
-17.5,-174.5,54,631
-17.5,-163.5,0,676
-17.5,-150.5,44,747
-17.5,-149.5,44,741
-17.5,-148.5,44,728
-17.5,-145.5,44,708
-17.5,-144.5,44,701
-17.5,-143.5,44,686
-17.5,-142.5,44,683
-17.5,-141.5,21,678
-17.5,-140.5,17,666
-17.5,-138.5,16,626
-17.5,-39.5,9,661
-17.5,-38.5,9,640
-17.5,38.5,58,1334
-17.5,39.5,60,1357
-17.5,42.5,64,1444
-17.5,43.5,64,1452
-17.5,49.5,66,1474
-17.5,50.5,66,1467
-17.5,118.5,0,1964
-17.5,119.5,68,1984
-17.5,139.5,65,2109
-17.5,140.5,65,2117
-17.5,145.5,77,2161
-17.5,146.5,77,2165
-17.5,148.5,76,2170
-17.5,149.5,76,2113
-17.5,150.5,75,2046
-17.5,151.5,75,1964
-17.5,152.5,70,1914
-17.5,155.5,66,1876
-17.5,162.5,0,1764
-17.5,163.5,0,1729
-17.5,168.5,73,1196
-17.5,176.5,73,927
-17.5,177.5,73,886
-17.5,178.5,73,525
-17.5,179.5,73,238
-18.5,-179.5,73,0
-18.5,-178.5,73,279
-18.5,-174.5,54,596
-18.5,-173.5,54,609
-18.5,-169.5,49,603
-18.5,-168.5,49,619
-18.5,-163.5,0,627
-18.5,-159.5,43,652
-18.5,-142.5,44,661
-18.5,-141.5,21,655
-18.5,-140.5,22,641
-18.5,-139.5,18,625
-18.5,-138.5,17,600
-18.5,-137.5,16,582
-18.5,-136.5,15,572
-18.5,-39.5,9,506
-18.5,-38.5,9,529
-18.5,42.5,0,1417
-18.5,43.5,63,1437
-18.5,44.5,63,1458
-18.5,49.5,66,1440
-18.5,146.5,77,2084
-18.5,147.5,77,2093
-18.5,148.5,77,2112
-18.5,149.5,77,2085
-18.5,152.5,70,1863
-18.5,158.5,66,1752
-18.5,162.5,70,1728
-18.5,163.5,70,1689
-18.5,164.5,70,1626
-18.5,168.5,71,1116
-18.5,169.5,71,1019
-18.5,177.5,73,354
-18.5,178.5,73,253
-18.5,179.5,73,44
-19.5,-179.5,73,0
-19.5,-178.5,73,250
-19.5,-175.5,54,501
-19.5,-174.5,54,554
-19.5,-173.5,54,550
-19.5,-169.5,49,547
-19.5,-158.5,43,605
-19.5,-157.5,43,626
-19.5,-145.5,43,648
-19.5,-144.5,43,643
-19.5,-141.5,21,612
-19.5,-140.5,22,605
-19.5,-139.5,20,597
-19.5,-138.5,17,588
-19.5,44.5,62,1398
-19.5,48.5,66,1384
-19.5,57.5,68,1303
-19.5,63.5,67,1208
-19.5,118.5,68,1770
-19.5,146.5,77,1982
-19.5,147.5,77,2007
-19.5,148.5,77,2031
-19.5,149.5,77,2036
-19.5,150.5,77,2003
-19.5,152.5,0,1826
-19.5,158.5,66,1653
-19.5,159.5,66,1642
-19.5,163.5,70,1617
-19.5,164.5,70,1563
-19.5,165.5,71,1482
-19.5,169.5,69,895
-19.5,170.5,69,828
-19.5,177.5,73,77
-19.5,178.5,73,0
-19.5,179.5,73,0
-20.5,-178.5,73,214
-20.5,-175.5,54,274
-20.5,-174.5,54,362
-20.5,-161.5,0,436
-20.5,-158.5,43,491
-20.5,-157.5,43,492
-20.5,-143.5,20,552
-20.5,-139.5,22,552
-20.5,-138.5,19,546
-20.5,-29.5,0,426
-20.5,-28.5,0,429
-20.5,43.5,61,1350
-20.5,44.5,61,1352
-20.5,57.5,68,1073
-20.5,115.5,69,1544
-20.5,116.5,69,1563
-20.5,117.5,68,1568
-20.5,118.5,68,1580
-20.5,148.5,77,1922
-20.5,149.5,77,1939
-20.5,150.5,77,1936
-20.5,151.5,77,1870
-20.5,152.5,74,1781
-20.5,154.5,0,1626
-20.5,158.5,66,1545
-20.5,159.5,66,1526
-20.5,163.5,70,1496
-20.5,164.5,71,1474
-20.5,165.5,71,1424
-20.5,166.5,71,1306
-20.5,167.5,71,1045
-20.5,169.5,69,680
-21.5,-178.5,72,215
-21.5,-175.5,54,231
-21.5,-174.5,54,239
-21.5,-164.5,0,279
-21.5,-163.5,0,288
-21.5,-159.5,21,356
-21.5,-157.5,43,368
-21.5,-154.5,21,446
-21.5,-140.5,20,493
-21.5,-139.5,20,493
-21.5,-138.5,19,488
-21.5,-136.5,16,480
-21.5,-135.5,15,450
-21.5,35.5,56,1124
-21.5,39.5,55,1202
-21.5,43.5,61,1263
-21.5,48.5,66,1199
-21.5,55.5,67,983
-21.5,113.5,67,1239
-21.5,114.5,69,1340
-21.5,115.5,69,1386
-21.5,149.5,77,1807
-21.5,150.5,77,1827
-21.5,151.5,77,1802
-21.5,152.5,74,1718
-21.5,153.5,74,1599
-21.5,154.5,0,1534
-21.5,155.5,0,1485
-21.5,158.5,66,1385
-21.5,159.5,66,1350
-21.5,164.5,71,1229
-21.5,165.5,71,1163
-21.5,166.5,71,883
-21.5,167.5,71,699
-21.5,168.5,71,532
-21.5,174.5,0,14
-22.5,-176.5,24,122
-22.5,-152.5,20,284
-22.5,-151.5,20,274
-22.5,-138.5,0,320
-22.5,-136.5,16,319
-22.5,-134.5,15,296
-22.5,35.5,56,1055
-22.5,40.5,55,1084
-22.5,43.5,57,1034
-22.5,48.5,66,962
-22.5,113.5,67,1098
-22.5,114.5,67,1222
-22.5,149.5,76,1517
-22.5,150.5,76,1531
-22.5,151.5,76,1527
-22.5,152.5,74,1450
-22.5,155.5,0,1217
-22.5,165.5,71,767
-22.5,166.5,71,680
-22.5,167.5,71,612
-22.5,168.5,71,514
-22.5,169.5,70,368
-23.5,-149.5,17,196
-23.5,-147.5,10,202
-23.5,-137.5,0,244
-23.5,-135.5,14,224
-23.5,-134.5,14,215
-23.5,-130.5,10,221
-23.5,35.5,56,1038
-23.5,43.5,56,954
-23.5,113.5,67,1037
-23.5,150.5,75,1398
-23.5,151.5,74,1410
-23.5,152.5,74,1372
-23.5,155.5,0,1136
-23.5,166.5,71,541
-23.5,167.5,71,479
-24.5,-128.5,21,102
-24.5,-124.5,19,102
-24.5,35.5,55,989
-24.5,43.5,56,801
-24.5,44.5,56,776
-24.5,47.5,66,712
-24.5,113.5,67,918
-24.5,151.5,71,1349
-24.5,152.5,70,1348
-24.5,153.5,62,1270
-25.5,-130.5,20,73
-25.5,32.5,38,701
-25.5,44.5,58,652
-25.5,46.5,66,648
-25.5,112.5,67,734
-25.5,113.5,67,832
-25.5,114.5,67,913
-25.5,153.5,62,1279
-26.5,32.5,38,654
-26.5,113.5,67,758
-26.5,114.5,67,821
-27.5,-144.5,2,1
-27.5,-143.5,2,1
-27.5,32.5,37,633
-27.5,114.5,69,744
-28.5,113.5,63,488
-28.5,114.5,63,636
-29.5,113.5,60,431
-29.5,159.5,16,442
-30.5,153.5,58,815
-31.5,115.5,22,250
-31.5,159.5,37,24
-32.5,115.5,20,106
-34.5,150.5,8,0
-34.5,151.5,8,0
